<?xml version="1.0" encoding="UTF-8"?>
<project xmlns="http://maven.apache.org/POM/4.0.0" xmlns:xsi="http://www.w3.org/2001/XMLSchema-instance" xsi:schemaLocation="http://maven.apache.org/POM/4.0.0 http://maven.apache.org/maven-v4_0_0.xsd">
  <modelVersion>4.0.0</modelVersion>
  <groupId>com.entechlog.ksql.functions</groupId>
  <artifactId>LatestByOffset</artifactId>
  <name>KSQL UDF / UDAF LatestByOffset</name>
  <version>0.1.0</version>
  <build>
    <plugins>
      <plugin>
        <artifactId>maven-compiler-plugin</artifactId>
        <version>3.8.0</version>
        <configuration>
          <compilerArgs>
            <arg>-Xlint:all</arg>
            <arg>-Werror</arg>
          </compilerArgs>
          <showWarnings>true</showWarnings>
          <showDeprecation>true</showDeprecation>
          <source>1.8</source>
          <target>1.8</target>
          <compilerArgs>
            <arg>-parameters</arg>
          </compilerArgs>
        </configuration>
      </plugin>
      <plugin>
        <artifactId>maven-shade-plugin</artifactId>
        <version>${maven.shade.version}</version>
        <executions>
          <execution>
            <phase>package</phase>
            <goals>
              <goal>shade</goal>
            </goals>
          </execution>
        </executions>
      </plugin>
      <plugin>
        <artifactId>maven-surefire-plugin</artifactId>
        <version>${maven.surefire.version}</version>
      </plugin>
    </plugins>
  </build>
  <repositories>
    <repository>
      <id>confluent</id>
      <url>http://packages.confluent.io/maven/</url>
    </repository>
    <repository>
      <id>ossrh</id>
      <name>Maven Central</name>
      <url>https://repo1.maven.org/maven2/</url>
    </repository>
  </repositories>
  <dependencies>
    <dependency>
      <groupId>org.junit.jupiter</groupId>
      <artifactId>junit-jupiter</artifactId>
      <version>5.4.1</version>
      <scope>test</scope>
      <exclusions>
        <exclusion>
          <artifactId>junit-jupiter-api</artifactId>
          <groupId>org.junit.jupiter</groupId>
        </exclusion>
        <exclusion>
          <artifactId>junit-jupiter-params</artifactId>
          <groupId>org.junit.jupiter</groupId>
        </exclusion>
        <exclusion>
          <artifactId>junit-jupiter-engine</artifactId>
          <groupId>org.junit.jupiter</groupId>
        </exclusion>
      </exclusions>
    </dependency>
  </dependencies>
  <properties>
    <connect.api.version>5.4.1-ce</connect.api.version>
    <ksql.version>5.4.0</ksql.version>
    <apache.commons.version>3.9</apache.commons.version>
    <maven.surefire.version>2.22.1</maven.surefire.version>
    <maven.shade.version>3.2.1</maven.shade.version>
    <junit.jupiter.version>5.4.1</junit.jupiter.version>
    <project.build.sourceEncoding>UTF-8</project.build.sourceEncoding>
  </properties>
</project>
